,run,epoch,loss,accuracy,epoch duration,lr,batch_size,num_workers,device,trainset,network
0,1,1,0.21777992248535155,0.26736666666666664,15.790910243988037,0.01,1000,1,cpu,normal,no_batch_norm
1,2,1,0.14412378370761872,0.5434166666666667,19.482063055038452,0.01,1000,1,cpu,normal,batch_norm
